Workbook

Sheet Engagement Summary
A1: Week_Start_Date | B1: Platform | C1: New_Followers | D1: Unfollows | E1: Total_Followers | F1: Engagement_Rate | G1: Ad_Spend | H1: follower gain | I1: Follower Growth Rate
A2: 45446 | B2: Instagram | C2: 1402 | D2: 68 | E2: 124562 | F2: 9.92 | G2: 23125 | H2: =Table2[[#This Row],[New_Followers]]-Table2[[#This Row],[Unfollows]] -> 1334 | I2: =(Table2[[#This Row],[follower gain]]/Table2[[#This Row],[Total_Followers]])*100 -> 1.0709526
A3: 45446 | B3: Twitter | C3: 995 | D3: 86 | E3: 227958 | F3: 8.05 | G3: 22788 | H3: =Table2[[#This Row],[New_Followers]]-Table2[[#This Row],[Unfollows]] -> 909 | I3: =(Table2[[#This Row],[follower gain]]/Table2[[#This Row],[Total_Followers]])*100 -> 0.39875767
A4: 45446 | B4: Youtube | C4: 1472 | D4: 296 | E4: 370242 | F4: 7.72 | G4: 7810 | H4: =Table2[[#This Row],[New_Followers]]-Table2[[#This Row],[Unfollows]] -> 1176 | I4: =(Table2[[#This Row],[follower gain]]/Table2[[#This Row],[Total_Followers]])*100 -> 0.31763009
A5: 45453 | B5: Instagram | C5: 1018 | D5: 90 | E5: 92474 | F5: 9.4 | G5: 11966 | H5: =Table2[[#This Row],[New_Followers]]-Table2[[#This Row],[Unfollows]] -> 928 | I5: =(Table2[[#This Row],[follower gain]]/Table2[[#This Row],[Total_Followers]])*100 -> 1.0035253
A6: 45453 | B6: Twitter | C6: 1461 | D6: 64 | E6: 328902 | F6: 9.02 | G6: 26298 | H6: =Table2[[#This Row],[New_Followers]]-Table2[[#This Row],[Unfollows]] -> 1397 | I6: =(Table2[[#This Row],[follower gain]]/Table2[[#This Row],[Total_Followers]])*100 -> 0.42474658
A7: 45453 | B7: Youtube | C7: 545 | D7: 93 | E7: 391621 | F7: 9.96 | G7: 22029 | H7: =Table2[[#This Row],[New_Followers]]-Table2[[#This Row],[Unfollows]] -> 452 | I7: =(Table2[[#This Row],[follower gain]]/Table2[[#This Row],[Total_Followers]])*100 -> 0.11541771
A8: 45460 | B8: Instagram | C8: 881 | D8: 291 | E8: 95885 | F8: 5.29 | G8: 12391 | H8: =Table2[[#This Row],[New_Followers]]-Table2[[#This Row],[Unfollows]] -> 590 | I8: =(Table2[[#This Row],[follower gain]]/Table2[[#This Row],[Total_Followers]])*100 -> 0.61532044
A9: 45460 | B9: Twitter | C9: 1414 | D9: 131 | E9: 245947 | F9: 8.3 | G9: 14477 | H9: =Table2[[#This Row],[New_Followers]]-Table2[[#This Row],[Unfollows]] -> 1283 | I9: =(Table2[[#This Row],[follower gain]]/Table2[[#This Row],[Total_Followers]])*100 -> 0.5216571
A10: 45460 | B10: Youtube | C10: 1472 | D10: 170 | E10: 250428 | F10: 4.66 | G10: 25040 | H10: =Table2[[#This Row],[New_Followers]]-Table2[[#This Row],[Unfollows]] -> 1302 | I10: =(Table2[[#This Row],[follower gain]]/Table2[[#This Row],[Total_Followers]])*100 -> 0.51990991
A11: 45467 | B11: Instagram | C11: 809 | D11: 197 | E11: 87186 | F11: 9.48 | G11: 22619 | H11: =Table2[[#This Row],[New_Followers]]-Table2[[#This Row],[Unfollows]] -> 612 | I11: =(Table2[[#This Row],[follower gain]]/Table2[[#This Row],[Total_Followers]])*100 -> 0.70194756
A12: 45467 | B12: Twitter | C12: 1371 | D12: 250 | E12: 128620 | F12: 7.11 | G12: 12399 | H12: =Table2[[#This Row],[New_Followers]]-Table2[[#This Row],[Unfollows]] -> 1121 | I12: =(Table2[[#This Row],[follower gain]]/Table2[[#This Row],[Total_Followers]])*100 -> 0.87155963
A13: 45467 | B13: Youtube | C13: 844 | D13: 144 | E13: 126015 | F13: 9.65 | G13: 22456 | H13: =Table2[[#This Row],[New_Followers]]-Table2[[#This Row],[Unfollows]] -> 700 | I13: =(Table2[[#This Row],[follower gain]]/Table2[[#This Row],[Total_Followers]])*100 -> 0.55548943
... A201: 45908 | B201: Twitter | C201: 860 | D201: 244 | E201: 348686 | F201: 5.12 | G201: 11418 | H201: =Table2[[#This Row],[New_Followers]]-Table2[[#This Row],[Unfollows]] -> 616 | I201: =(Table2[[#This Row],[follower gain]]/Table2[[#This Row],[Total_Followers]])*100 -> 0.17666324
H202: =Table2[[#This Row],[New_Followers]]-Table2[[#This Row],[Unfollows]] -> 0 | I202: =(Table2[[#This Row],[follower gain]]/Table2[[#This Row],[Total_Followers]])*100 -> #DIV/0!

Sheet Campaign Metadata 
A1: Campaign_Name | B1: Start_Date | C1: End_Date | D1: Objective | E1: Objective2 | F1: Total_Budget | G1: Target_Platforms | H1: Primary_Hashtags | I1: Engagement | J1: Followers
A2: Summerbeats | B2: 45458 | C2: 45488 | D2: Brand Awareness | E2: =PROPER(TRIM(D2)) -> Brand Awareness | F2: 175000 | G2: Instagram,YouTube | H2: #SpotifyWrapped,#MusicForEveryone | I2: =SUMIFS(Posts!R:R, Posts!C:C, ">="&B2, Posts!C:C, "<="&C2) -> 61565 | J2: =SUMIFS('Engagement Summary'!H:H, 'Engagement Summary'!A:A, ">="&B2, 'Engagement Summary'!A:A, "<=" & C2) -> 13558
A3: Wrapped2024 | B3: 45627 | C3: 45657 | D3: Engagement | E3: =PROPER(TRIM(D3)) -> Engagement | F3: 225000 | G3: Twitter,YouTube | H3: #SpotifyWrapped,#NowPlaying | I3: =SUMIFS(Posts!R:R, Posts!C:C, ">="&B3, Posts!C:C, "<="&C3) -> 66315 | J3: =SUMIFS('Engagement Summary'!H:H, 'Engagement Summary'!A:A, ">="&B3, 'Engagement Summary'!A:A, "<=" & C3) -> 11361
A4: Chillvibes | B4: 45667 | C4: 45698 | D4: Product Launch | E4: =PROPER(TRIM(D4)) -> Product Launch | F4: 200000 | G4: Instagram,Twitter | H4: #ChillVibes,#SoundtrackOfLife | I4: =SUMIFS(Posts!R:R, Posts!C:C, ">="&B4, Posts!C:C, "<="&C4) -> 77499 | J4: =SUMIFS('Engagement Summary'!H:H, 'Engagement Summary'!A:A, ">="&B4, 'Engagement Summary'!A:A, "<=" & C4) -> 10142
A5: Indiewave | B5: 45717 | C5: 45747 | D5: Traffic | E5: =PROPER(TRIM(D5)) -> Traffic | F5: 160000 | G5: Facebook,Instagram | H5: #DiscoverWeekly,#IndieWave | I5: =SUMIFS(Posts!R:R, Posts!C:C, ">="&B5, Posts!C:C, "<="&C5) -> 50687 | J5: =SUMIFS('Engagement Summary'!H:H, 'Engagement Summary'!A:A, ">="&B5, 'Engagement Summary'!A:A, "<=" & C5) -> 12726

Sheet Posts
A1: Post ID | B1: Platform | C1: Date | D1: Content Type | E1: Post Text | F1: Likes | G1: Shares | H1: Comments | I1: Impressions | J1: Reach | K1: Clicks | L1: Hashtags Used | M1: Campaign_Name | N1: Campaign start date | O1: Campaign end date | P1: Campaign phase | Q1: Engagement Rate | R1: Engagement
A2: SP001 | B2: Instagram | C2: 45781 | D2: Text | E2: Discover Fresh Beats On Spotify! | F2: 2414 | G2: 245 | H2: 137 | I2: 21181 | J2: 45292 | K2: 133 | L2: #Soundtrackoflife,#Nowplaying | M2: Chillvibes | N2: =INDEX('[1]Campaign Metadata '!B:B,MATCH(M2,'[1]Campaign Metadata '!A:A,0)) -> 45667 | O2: =INDEX('[1]Campaign Metadata '!C:C,MATCH(M2,'[1]Campaign Metadata '!A:A,0)) -> 45698 | P2: =IF(AND(C2<=O2,C2>=N2),"DURING",IF(C2<O2,"BEFORE", "AFTER")) -> AFTER | Q2: =(Posts!$F2+Posts!$G2+Posts!$H2)/Posts!$I2 -> 0.1320051 | R2: =F2+G2+H2 -> 2796
A3: SP002 | B3: Instagram | C3: 45689 | D3: Text | E3: Explore The Latest Podcasts Now. | F3: 1934 | G3: 210 | H3: 393 | I3: 29129 | J3: 73287 | K3: 273 | L3: #Discoverweekly | M3: Indiewave | N3: =INDEX('[1]Campaign Metadata '!B:B,MATCH(M3,'[1]Campaign Metadata '!A:A,0)) -> 45717 | O3: =INDEX('[1]Campaign Metadata '!C:C,MATCH(M3,'[1]Campaign Metadata '!A:A,0)) -> 45747 | P3: =IF(AND(C3<=O3,C3>=N3),"DURING",IF(C3<O3,"BEFORE", "AFTER")) -> BEFORE | Q3: =(Posts!$F3+Posts!$G3+Posts!$H3)/Posts!$I3 -> 0.087095335 | R3: =F3+G3+H3 -> 2537
A4: SP003 | B4: Twitter | C4: 45629 | D4: Story | E4: New Music Just Dropped. Hit Play! | F4: 3092 | G4: 177 | H4: 81 | I4: 47533 | J4: 29220 | K4: 121 | L4: #Musicforeveryone,#Nowplaying | M4: Chillvibes | N4: =INDEX('[1]Campaign Metadata '!B:B,MATCH(M4,'[1]Campaign Metadata '!A:A,0)) -> 45667 | O4: =INDEX('[1]Campaign Metadata '!C:C,MATCH(M4,'[1]Campaign Metadata '!A:A,0)) -> 45698 | P4: =IF(AND(C4<=O4,C4>=N4),"DURING",IF(C4<O4,"BEFORE", "AFTER")) -> BEFORE | Q4: =(Posts!$F4+Posts!$G4+Posts!$H4)/Posts!$I4 -> 0.070477353 | R4: =F4+G4+H4 -> 3350
A5: SP004 | B5: Instagram | C5: 45629 | D5: Text | E5: Wrapped Is Here! Relive Your Top Tracks Ðÿž§ | F5: 3173 | G5: 229 | H5: 197 | I5: 29604 | J5: 21809 | K5: 272 | L5: #Soundtrackoflife,#Nowplaying | M5: Chillvibes | N5: =INDEX('[1]Campaign Metadata '!B:B,MATCH(M5,'[1]Campaign Metadata '!A:A,0)) -> 45667 | O5: =INDEX('[1]Campaign Metadata '!C:C,MATCH(M5,'[1]Campaign Metadata '!A:A,0)) -> 45698 | P5: =IF(AND(C5<=O5,C5>=N5),"DURING",IF(C5<O5,"BEFORE", "AFTER")) -> BEFORE | Q5: =(Posts!$F5+Posts!$G5+Posts!$H5)/Posts!$I5 -> 0.12157141 | R5: =F5+G5+H5 -> 3599
A6: SP005 | B6: Youtube | C6: 45388 | D6: Text | E6: Music That Moves Youâ€”Only On Spotify. | F6: 2748 | G6: 145 | H6: 315 | I6: 24401 | J6: 61182 | K6: 200 | L6: #Discoverweekly,#Spotifywrapped | M6: Indiewave | N6: =INDEX('[1]Campaign Metadata '!B:B,MATCH(M6,'[1]Campaign Metadata '!A:A,0)) -> 45717 | O6: =INDEX('[1]Campaign Metadata '!C:C,MATCH(M6,'[1]Campaign Metadata '!A:A,0)) -> 45747 | P6: =IF(AND(C6<=O6,C6>=N6),"DURING",IF(C6<O6,"BEFORE", "AFTER")) -> BEFORE | Q6: =(Posts!$F6+Posts!$G6+Posts!$H6)/Posts!$I6 -> 0.13147002 | R6: =F6+G6+H6 -> 3208
A7: SP006 | B7: Youtube | C7: 45456 | D7: Text | E7: Whatâ€™S Your Vibe Today? #Spotifyhits | F7: 3882 | G7: 239 | H7: 275 | I7: 58748 | J7: 44646 | K7: 149 | L7: #Discoverweekly,#Spotifywrapped | M7: Indiewave | N7: =INDEX('[1]Campaign Metadata '!B:B,MATCH(M7,'[1]Campaign Metadata '!A:A,0)) -> 45717 | O7: =INDEX('[1]Campaign Metadata '!C:C,MATCH(M7,'[1]Campaign Metadata '!A:A,0)) -> 45747 | P7: =IF(AND(C7<=O7,C7>=N7),"DURING",IF(C7<O7,"BEFORE", "AFTER")) -> BEFORE | Q7: =(Posts!$F7+Posts!$G7+Posts!$H7)/Posts!$I7 -> 0.074828079 | R7: =F7+G7+H7 -> 4396
A8: SP007 | B8: Twitter | C8: 45645 | D8: Story | E8: Get Into The Groove With Our New Drop! | F8: 4674 | G8: 409 | H8: 327 | I8: 20756 | J8: 63599 | K8: 212 | L8: #Soundtrackoflife,#Nowplaying | M8: Chillvibes | N8: =INDEX('[1]Campaign Metadata '!B:B,MATCH(M8,'[1]Campaign Metadata '!A:A,0)) -> 45667 | O8: =INDEX('[1]Campaign Metadata '!C:C,MATCH(M8,'[1]Campaign Metadata '!A:A,0)) -> 45698 | P8: =IF(AND(C8<=O8,C8>=N8),"DURING",IF(C8<O8,"BEFORE", "AFTER")) -> BEFORE | Q8: =(Posts!$F8+Posts!$G8+Posts!$H8)/Posts!$I8 -> 0.26064752 | R8: =F8+G8+H8 -> 5410
A9: SP008 | B9: Twitter | C9: 45421 | D9: Story | E9: Wrapped Is Here! Relive Your Top Tracks Ðÿž§ | F9: 1428 | G9: 347 | H9: 67 | I9: 21148 | J9: 19712 | K9: 120 | L9: #Discoverweekly,#Musicforeveryone | M9: Chillvibes | N9: =INDEX('[1]Campaign Metadata '!B:B,MATCH(M9,'[1]Campaign Metadata '!A:A,0)) -> 45667 | O9: =INDEX('[1]Campaign Metadata '!C:C,MATCH(M9,'[1]Campaign Metadata '!A:A,0)) -> 45698 | P9: =IF(AND(C9<=O9,C9>=N9),"DURING",IF(C9<O9,"BEFORE", "AFTER")) -> BEFORE | Q9: =(Posts!$F9+Posts!$G9+Posts!$H9)/Posts!$I9 -> 0.087100435 | R9: =F9+G9+H9 -> 1842
A10: SP009 | B10: Twitter | C10: 45823 | D10: Text | E10: Top Trending Tracks Updated Daily! | F10: 4432 | G10: 223 | H10: 299 | I10: 59016 | J10: 21742 | K10: 171 | L10: #Nowplaying | M10: Chillvibes | N10: =INDEX('[1]Campaign Metadata '!B:B,MATCH(M10,'[1]Campaign Metadata '!A:A,0)) -> 45667 | O10: =INDEX('[1]Campaign Metadata '!C:C,MATCH(M10,'[1]Campaign Metadata '!A:A,0)) -> 45698 | P10: =IF(AND(C10<=O10,C10>=N10),"DURING",IF(C10<O10,"BEFORE", "AFTER")) -> AFTER | Q10: =(Posts!$F10+Posts!$G10+Posts!$H10)/Posts!$I10 -> 0.083943337 | R10: =F10+G10+H10 -> 4954
A11: SP010 | B11: Twitter | C11: 45630 | D11: Text | E11: Wrapped Is Here! Relive Your Top Tracks Ðÿž§ | F11: 2357 | G11: 274 | H11: 172 | I11: 21566 | J11: 66829 | K11: 284 | L11: #Nowplaying | M11: Chillvibes | N11: =INDEX('[1]Campaign Metadata '!B:B,MATCH(M11,'[1]Campaign Metadata '!A:A,0)) -> 45667 | O11: =INDEX('[1]Campaign Metadata '!C:C,MATCH(M11,'[1]Campaign Metadata '!A:A,0)) -> 45698 | P11: =IF(AND(C11<=O11,C11>=N11),"DURING",IF(C11<O11,"BEFORE", "AFTER")) -> BEFORE | Q11: =(Posts!$F11+Posts!$G11+Posts!$H11)/Posts!$I11 -> 0.12997311 | R11: =F11+G11+H11 -> 2803
A12: SP011 | B12: Twitter | C12: 45357 | D12: Text | E12: Discover Fresh Beats On Spotify! | F12: 1971 | G12: 370 | H12: 306 | I12: 31316 | J12: 27897 | K12: 88 | L12: #Soundtrackoflife | M12: Indiewave | N12: =INDEX('[1]Campaign Metadata '!B:B,MATCH(M12,'[1]Campaign Metadata '!A:A,0)) -> 45717 | O12: =INDEX('[1]Campaign Metadata '!C:C,MATCH(M12,'[1]Campaign Metadata '!A:A,0)) -> 45747 | P12: =IF(AND(C12<=O12,C12>=N12),"DURING",IF(C12<O12,"BEFORE", "AFTER")) -> BEFORE | Q12: =(Posts!$F12+Posts!$G12+Posts!$H12)/Posts!$I12 -> 0.084525482 | R12: =F12+G12+H12 -> 2647
A13: SP012 | B13: Instagram | C13: 45426 | D13: Text | E13: Discover Fresh Beats On Spotify! | F13: 1485 | G13: 353 | H13: 244 | I13: 38419 | J13: 38556 | K13: 86 | L13: #Soundtrackoflife,#Nowplaying | M13: Chillvibes | N13: =INDEX('[1]Campaign Metadata '!B:B,MATCH(M13,'[1]Campaign Metadata '!A:A,0)) -> 45667 | O13: =INDEX('[1]Campaign Metadata '!C:C,MATCH(M13,'[1]Campaign Metadata '!A:A,0)) -> 45698 | P13: =IF(AND(C13<=O13,C13>=N13),"DURING",IF(C13<O13,"BEFORE", "AFTER")) -> BEFORE | Q13: =(Posts!$F13+Posts!$G13+Posts!$H13)/Posts!$I13 -> 0.054191936 | R13: =F13+G13+H13 -> 2082
... A301: SP300 | B301: Instagram | C301: 45329 | D301: Text | E301: Music That Moves Youâ€”Only On Spotify. | F301: 1883 | G301: 432 | H301: 397 | I301: 28759 | J301: 18691 | K301: 270 | L301: #Soundtrackoflife,#Nowplaying | M301: Chillvibes | N301: =INDEX('[1]Campaign Metadata '!B:B,MATCH(M301,'[1]Campaign Metadata '!A:A,0)) -> 45667 | O301: =INDEX('[1]Campaign Metadata '!C:C,MATCH(M301,'[1]Campaign Metadata '!A:A,0)) -> 45698 | P301: =IF(AND(C301<=O301,C301>=N301),"DURING",IF(C301<O301,"BEFORE", "AFTER")) -> BEFORE | Q301: =(Posts!$F301+Posts!$G301+Posts!$H301)/Posts!$I301 -> 0.094300914 | R301: =F301+G301+H301 -> 2712

Sheet Sheet4
A1: Total & average impressions, likes, clicks per campaign | J1: Campaign with highest ROI (engagement/ad spend)
A3: Row Labels | B3: Sum of Clicks | C3: Average of Clicks | D3: Sum of Impressions | E3: Average of Impressions | F3: Sum of Likes | G3: Average of Likes | K3: Campaign Names | L3: Sum of Engagement | M3: Sum of Total_Budget
A4: Chillvibes | B4: 28708 | C4: 186.41558 | D4: 6331868 | E4: 41116.026 | F4: 471034 | G4: 3058.6623 | K4: Chillvibes | L4: 77499 | M4: 200000
A5: Indiewave | B5: 18717 | C5: 199.11702 | D5: 4039305 | E5: 42971.33 | F5: 274455 | G5: 2919.734 | K5: Indiewave | L5: 50687 | M5: 160000
A6: Summerbeats | B6: 5557 | C6: 191.62069 | D6: 1233853 | E6: 42546.655 | F6: 89871 | G6: 3099 | K6: Summerbeats | L6: 61565 | M6: 175000
A7: Wrapped2024 | B7: 4614 | C7: 200.6087 | D7: 865406 | E7: 37626.348 | F7: 61815 | G7: 2687.6087 | K7: Wrapped2024 | L7: 66315 | M7: 225000
A8: (blank) | K8: Grand Total | L8: 256066 | M8: 760000
A9: Grand Total | B9: 57596 | C9: 191.98667 | D9: 12470432 | E9: 41568.107 | F9: 897175 | G9: 2990.5833
K11: Campaign Names | L11: Sum of Engagement | M11: Sum of Total_Budget | N11: ROI
K12: Chillvibes | L12: 77499 | M12: 200000 | N12: =L12/M12 -> 0.387495
A13: Engagement uplift during vs. before campaign | K13: Indiewave | L13: 50687 | M13: 160000 | N13: =L13/M13 -> 0.31679375
K14: Summerbeats | L14: 61565 | M14: 175000 | N14: =L14/M14 -> 0.3518
A15: Average of Engagement | B15: Column Labels | K15: Wrapped2024 | L15: 66315 | M15: 225000 | N15: =L15/M15 -> 0.29473333
A16: Row Labels | B16: BEFORE | C16: DURING
A17: Chillvibes | B17: 3528.0971 | C17: 3670.2727
A18: Indiewave | B18: 3320.1429 | C18: 4512.1667
A19: Summerbeats | B19: 3718.4286 | C19: 3669
A20: Wrapped2024 | B20: 2757.9091 | C20: 4773
A21: Grand Total | B21: 3421.6585 | C21: 4015.7143 | I21: Campaign with strongest follower or app download growth
A23: Campaign names | B23: BEFORE | C23: DURING | D23: Enagegment Uplift | K23: Campaign Names | L23: Sum of Followers
A24: Chillvibes | B24: 3528.0971 | C24: 3670.2727 | D24: =(C24-B24)/B24 -> 0.040298109 | K24: Summerbeats | L24: 13558
A25: Indiewave | B25: 3320.1429 | C25: 4512.1667 | D25: =(C25-B25)/B25 -> 0.35902787 | K25: Indiewave | L25: 12726
A26: Summerbeats | B26: 3718.4286 | C26: 3669 | D26: =(C26-B26)/B26 -> -0.013292866 | K26: Wrapped2024 | L26: 11361
A27: Wrapped2024 | B27: 2757.9091 | C27: 4773 | D27: =(C27-B27)/B27 -> 0.73065893 | K27: Chillvibes | L27: 10142
K28: Grand Total | L28: 47787
A31: Key Highlights
