Workbook

Sheet Posts
A1: Post ID | B1: Platform | C1: Date | D1: Content Type | E1: Post Text | F1: Likes | G1: Shares | H1: Comments | I1: Impressions | J1: Reach | K1: Clicks | L1: Hashtags Used | M1: Campaign_Name | N1: Campaign start date | O1: Campaign end date | P1: Campaign phase
A2: SP001 | B2: Instagram | C2: 45781 | D2: Text | E2: Discover Fresh Beats On Spotify! | F2: 2414 | G2: 245 | H2: 137 | I2: 21181 | J2: 45292 | K2: 133 | L2: #Soundtrackoflife,#Nowplaying | M2: Chillvibes | N2: =INDEX('Campaign Metadata '!B:B,MATCH(M2,'Campaign Metadata '!A:A,0)) -> 45667 | O2: =INDEX('Campaign Metadata '!C:C,MATCH(M2,'Campaign Metadata '!A:A,0)) -> 45698 | P2: =IF(AND(C2<=O2,C2>=N2),"DURING",IF(C2<O2,"BEFORE", "AFTER")) -> AFTER
A3: SP002 | B3: Instagram | C3: 45689 | D3: Text | E3: Explore The Latest Podcasts Now. | F3: 1934 | G3: 210 | H3: 393 | I3: 29129 | J3: 73287 | K3: 273 | L3: #Discoverweekly | M3: Indiewave | N3: =INDEX('Campaign Metadata '!B:B,MATCH(M3,'Campaign Metadata '!A:A,0)) -> 45717 | O3: =INDEX('Campaign Metadata '!C:C,MATCH(M3,'Campaign Metadata '!A:A,0)) -> 45747 | P3: =IF(AND(C3<=O3,C3>=N3),"DURING",IF(C3<O3,"BEFORE", "AFTER")) -> BEFORE
A4: SP003 | B4: Twitter | C4: 45629 | D4: Story | E4: New Music Just Dropped. Hit Play! | F4: 3092 | G4: 177 | H4: 81 | I4: 47533 | J4: 29220 | K4: 121 | L4: #Musicforeveryone,#Nowplaying | M4: Chillvibes | N4: =INDEX('Campaign Metadata '!B:B,MATCH(M4,'Campaign Metadata '!A:A,0)) -> 45667 | O4: =INDEX('Campaign Metadata '!C:C,MATCH(M4,'Campaign Metadata '!A:A,0)) -> 45698 | P4: =IF(AND(C4<=O4,C4>=N4),"DURING",IF(C4<O4,"BEFORE", "AFTER")) -> BEFORE
A5: SP004 | B5: Instagram | C5: 45629 | D5: Text | E5: Wrapped Is Here! Relive Your Top Tracks Ðÿž§ | F5: 3173 | G5: 229 | H5: 197 | I5: 29604 | J5: 21809 | K5: 272 | L5: #Soundtrackoflife,#Nowplaying | M5: Chillvibes | N5: =INDEX('Campaign Metadata '!B:B,MATCH(M5,'Campaign Metadata '!A:A,0)) -> 45667 | O5: =INDEX('Campaign Metadata '!C:C,MATCH(M5,'Campaign Metadata '!A:A,0)) -> 45698 | P5: =IF(AND(C5<=O5,C5>=N5),"DURING",IF(C5<O5,"BEFORE", "AFTER")) -> BEFORE
A6: SP005 | B6: Youtube | C6: 45388 | D6: Text | E6: Music That Moves Youâ€”Only On Spotify. | F6: 2748 | G6: 145 | H6: 315 | I6: 24401 | J6: 61182 | K6: 200 | L6: #Discoverweekly,#Spotifywrapped | M6: Indiewave | N6: =INDEX('Campaign Metadata '!B:B,MATCH(M6,'Campaign Metadata '!A:A,0)) -> 45717 | O6: =INDEX('Campaign Metadata '!C:C,MATCH(M6,'Campaign Metadata '!A:A,0)) -> 45747 | P6: =IF(AND(C6<=O6,C6>=N6),"DURING",IF(C6<O6,"BEFORE", "AFTER")) -> BEFORE
A7: SP006 | B7: Youtube | C7: 45456 | D7: Text | E7: Whatâ€™S Your Vibe Today? #Spotifyhits | F7: 3882 | G7: 239 | H7: 275 | I7: 58748 | J7: 44646 | K7: 149 | L7: #Discoverweekly,#Spotifywrapped | M7: Indiewave | N7: =INDEX('Campaign Metadata '!B:B,MATCH(M7,'Campaign Metadata '!A:A,0)) -> 45717 | O7: =INDEX('Campaign Metadata '!C:C,MATCH(M7,'Campaign Metadata '!A:A,0)) -> 45747 | P7: =IF(AND(C7<=O7,C7>=N7),"DURING",IF(C7<O7,"BEFORE", "AFTER")) -> BEFORE
A8: SP007 | B8: Twitter | C8: 45645 | D8: Story | E8: Get Into The Groove With Our New Drop! | F8: 4674 | G8: 409 | H8: 327 | I8: 20756 | J8: 63599 | K8: 212 | L8: #Soundtrackoflife,#Nowplaying | M8: Chillvibes | N8: =INDEX('Campaign Metadata '!B:B,MATCH(M8,'Campaign Metadata '!A:A,0)) -> 45667 | O8: =INDEX('Campaign Metadata '!C:C,MATCH(M8,'Campaign Metadata '!A:A,0)) -> 45698 | P8: =IF(AND(C8<=O8,C8>=N8),"DURING",IF(C8<O8,"BEFORE", "AFTER")) -> BEFORE
A9: SP008 | B9: Twitter | C9: 45421 | D9: Story | E9: Wrapped Is Here! Relive Your Top Tracks Ðÿž§ | F9: 1428 | G9: 347 | H9: 67 | I9: 21148 | J9: 19712 | K9: 120 | L9: #Discoverweekly,#Musicforeveryone | M9: Chillvibes | N9: =INDEX('Campaign Metadata '!B:B,MATCH(M9,'Campaign Metadata '!A:A,0)) -> 45667 | O9: =INDEX('Campaign Metadata '!C:C,MATCH(M9,'Campaign Metadata '!A:A,0)) -> 45698 | P9: =IF(AND(C9<=O9,C9>=N9),"DURING",IF(C9<O9,"BEFORE", "AFTER")) -> BEFORE
A10: SP009 | B10: Twitter | C10: 45823 | D10: Text | E10: Top Trending Tracks Updated Daily! | F10: 4432 | G10: 223 | H10: 299 | I10: 59016 | J10: 21742 | K10: 171 | L10: #Nowplaying | M10: Chillvibes | N10: =INDEX('Campaign Metadata '!B:B,MATCH(M10,'Campaign Metadata '!A:A,0)) -> 45667 | O10: =INDEX('Campaign Metadata '!C:C,MATCH(M10,'Campaign Metadata '!A:A,0)) -> 45698 | P10: =IF(AND(C10<=O10,C10>=N10),"DURING",IF(C10<O10,"BEFORE", "AFTER")) -> AFTER
A11: SP010 | B11: Twitter | C11: 45630 | D11: Text | E11: Wrapped Is Here! Relive Your Top Tracks Ðÿž§ | F11: 2357 | G11: 274 | H11: 172 | I11: 21566 | J11: 66829 | K11: 284 | L11: #Nowplaying | M11: Chillvibes | N11: =INDEX('Campaign Metadata '!B:B,MATCH(M11,'Campaign Metadata '!A:A,0)) -> 45667 | O11: =INDEX('Campaign Metadata '!C:C,MATCH(M11,'Campaign Metadata '!A:A,0)) -> 45698 | P11: =IF(AND(C11<=O11,C11>=N11),"DURING",IF(C11<O11,"BEFORE", "AFTER")) -> BEFORE
A12: SP011 | B12: Twitter | C12: 45357 | D12: Text | E12: Discover Fresh Beats On Spotify! | F12: 1971 | G12: 370 | H12: 306 | I12: 31316 | J12: 27897 | K12: 88 | L12: #Soundtrackoflife | M12: Indiewave | N12: =INDEX('Campaign Metadata '!B:B,MATCH(M12,'Campaign Metadata '!A:A,0)) -> 45717 | O12: =INDEX('Campaign Metadata '!C:C,MATCH(M12,'Campaign Metadata '!A:A,0)) -> 45747 | P12: =IF(AND(C12<=O12,C12>=N12),"DURING",IF(C12<O12,"BEFORE", "AFTER")) -> BEFORE
A13: SP012 | B13: Instagram | C13: 45426 | D13: Text | E13: Discover Fresh Beats On Spotify! | F13: 1485 | G13: 353 | H13: 244 | I13: 38419 | J13: 38556 | K13: 86 | L13: #Soundtrackoflife,#Nowplaying | M13: Chillvibes | N13: =INDEX('Campaign Metadata '!B:B,MATCH(M13,'Campaign Metadata '!A:A,0)) -> 45667 | O13: =INDEX('Campaign Metadata '!C:C,MATCH(M13,'Campaign Metadata '!A:A,0)) -> 45698 | P13: =IF(AND(C13<=O13,C13>=N13),"DURING",IF(C13<O13,"BEFORE", "AFTER")) -> BEFORE
... A44: SP043 | B44: Instagram | C44: 45702 | D44: Text | E44: Top Trending Tracks Updated Daily! | F44: 4891 | G44: 450 | H44: 387 | I44: 48746 | J44: 37312 | K44: 154 | L44: #Soundtrackoflife,#Nowplaying | M44: Chillvibes | N44: =INDEX('Campaign Metadata '!B:B,MATCH(M44,'Campaign Metadata '!A:A,0)) -> 45667 | O44: =INDEX('Campaign Metadata '!C:C,MATCH(M44,'Campaign Metadata '!A:A,0)) -> 45698 | P44: =IF(AND(C44<=O44,C44>=N44),"DURING",IF(C44<O44,"BEFORE", "AFTER")) -> AFTER
A45: SP044 | B45: Instagram | C45: 45541 | D45: Text | E45: New Music Just Dropped. Hit Play! | F45: 1452 | G45: 281 | H45: 326 | I45: 51556 | J45: 62599 | K45: 290 | L45: #Discoverweekly | M45: Indiewave | N45: =INDEX('Campaign Metadata '!B:B,MATCH(M45,'Campaign Metadata '!A:A,0)) -> 45717 | O45: =INDEX('Campaign Metadata '!C:C,MATCH(M45,'Campaign Metadata '!A:A,0)) -> 45747 | P45: =IF(AND(C45<=O45,C45>=N45),"DURING",IF(C45<O45,"BEFORE", "AFTER")) -> BEFORE | Q45: =ISNUMBER(C2) -> TRUE
A46: SP045 | B46: Youtube | C46: 45487 | D46: Text | E46: Your Weekend Playlist Is Waiting. | F46: 3806 | G46: 114 | H46: 278 | I46: 36148 | J46: 24209 | K46: 201 | L46: #Discoverweekly,#Spotifywrapped | M46: Indiewave | N46: =INDEX('Campaign Metadata '!B:B,MATCH(M46,'Campaign Metadata '!A:A,0)) -> 45717 | O46: =INDEX('Campaign Metadata '!C:C,MATCH(M46,'Campaign Metadata '!A:A,0)) -> 45747 | P46: =IF(AND(C46<=O46,C46>=N46),"DURING",IF(C46<O46,"BEFORE", "AFTER")) -> BEFORE
A47: SP046 | B47: Instagram | C47: 45334 | D47: Text | E47: Explore The Latest Podcasts Now. | F47: 2923 | G47: 330 | H47: 250 | I47: 23993 | J47: 74590 | K47: 92 | L47: #Discoverweekly | M47: Indiewave | N47: =INDEX('Campaign Metadata '!B:B,MATCH(M47,'Campaign Metadata '!A:A,0)) -> 45717 | O47: =INDEX('Campaign Metadata '!C:C,MATCH(M47,'Campaign Metadata '!A:A,0)) -> 45747 | P47: =IF(AND(C47<=O47,C47>=N47),"DURING",IF(C47<O47,"BEFORE", "AFTER")) -> BEFORE | Q47: =C2+1 -> 45782
A48: SP047 | B48: Youtube | C48: 45365 | D48: Reel | E48: From Pop To Podcasts, Itâ€™S All Here. | F48: 3361 | G48: 188 | H48: 358 | I48: 39838 | J48: 24536 | K48: 120 | L48: #Discoverweekly,#Soundtrackoflife | M48: Summerbeats | N48: =INDEX('Campaign Metadata '!B:B,MATCH(M48,'Campaign Metadata '!A:A,0)) -> 45458 | O48: =INDEX('Campaign Metadata '!C:C,MATCH(M48,'Campaign Metadata '!A:A,0)) -> 45488 | P48: =IF(AND(C48<=O48,C48>=N48),"DURING",IF(C48<O48,"BEFORE", "AFTER")) -> BEFORE
A49: SP048 | B49: Instagram | C49: 45693 | D49: Story | E49: Music That Moves Youâ€”Only On Spotify. | F49: 3074 | G49: 371 | H49: 348 | I49: 24104 | J49: 57803 | K49: 213 | L49: #Nowplaying | M49: Wrapped2024 | N49: =INDEX('Campaign Metadata '!B:B,MATCH(M49,'Campaign Metadata '!A:A,0)) -> 45627 | O49: =INDEX('Campaign Metadata '!C:C,MATCH(M49,'Campaign Metadata '!A:A,0)) -> 45657 | P49: =IF(AND(C49<=O49,C49>=N49),"DURING",IF(C49<O49,"BEFORE", "AFTER")) -> AFTER
A50: SP049 | B50: Twitter | C50: 45533 | D50: Story | E50: Get Into The Groove With Our New Drop! | F50: 4276 | G50: 227 | H50: 223 | I50: 43443 | J50: 41005 | K50: 191 | L50: #Discoverweekly,#Musicforeveryone | M50: Chillvibes | N50: =INDEX('Campaign Metadata '!B:B,MATCH(M50,'Campaign Metadata '!A:A,0)) -> 45667 | O50: =INDEX('Campaign Metadata '!C:C,MATCH(M50,'Campaign Metadata '!A:A,0)) -> 45698 | P50: =IF(AND(C50<=O50,C50>=N50),"DURING",IF(C50<O50,"BEFORE", "AFTER")) -> BEFORE
A51: SP050 | B51: Twitter | C51: 45769 | D51: Text | E51: Discover Fresh Beats On Spotify! | F51: 4401 | G51: 421 | H51: 216 | I51: 24890 | J51: 54361 | K51: 148 | L51: #Nowplaying | M51: Chillvibes | N51: =INDEX('Campaign Metadata '!B:B,MATCH(M51,'Campaign Metadata '!A:A,0)) -> 45667 | O51: =INDEX('Campaign Metadata '!C:C,MATCH(M51,'Campaign Metadata '!A:A,0)) -> 45698 | P51: =IF(AND(C51<=O51,C51>=N51),"DURING",IF(C51<O51,"BEFORE", "AFTER")) -> AFTER
A52: SP051 | B52: Youtube | C52: 45425 | D52: Reel | E52: Explore The Latest Podcasts Now. | F52: 4161 | G52: 481 | H52: 61 | I52: 45884 | J52: 48955 | K52: 215 | L52: #Discoverweekly,#Soundtrackoflife | M52: Summerbeats | N52: =INDEX('Campaign Metadata '!B:B,MATCH(M52,'Campaign Metadata '!A:A,0)) -> 45458 | O52: =INDEX('Campaign Metadata '!C:C,MATCH(M52,'Campaign Metadata '!A:A,0)) -> 45488 | P52: =IF(AND(C52<=O52,C52>=N52),"DURING",IF(C52<O52,"BEFORE", "AFTER")) -> BEFORE
A53: SP052 | B53: Twitter | C53: 45539 | D53: Story | E53: New Music Just Dropped. Hit Play! | F53: 2613 | G53: 455 | H53: 228 | I53: 21645 | J53: 61334 | K53: 261 | L53: #Discoverweekly,#Musicforeveryone | M53: Chillvibes | N53: =INDEX('Campaign Metadata '!B:B,MATCH(M53,'Campaign Metadata '!A:A,0)) -> 45667 | O53: =INDEX('Campaign Metadata '!C:C,MATCH(M53,'Campaign Metadata '!A:A,0)) -> 45698 | P53: =IF(AND(C53<=O53,C53>=N53),"DURING",IF(C53<O53,"BEFORE", "AFTER")) -> BEFORE
A54: SP053 | B54: Twitter | C54: 45516 | D54: Story | E54: Whatâ€™S Your Vibe Today? #Spotifyhits | F54: 2842 | G54: 213 | H54: 331 | I54: 57660 | J54: 68606 | K54: 87 | L54: #Musicforeveryone,#Nowplaying | M54: Chillvibes | N54: =INDEX('Campaign Metadata '!B:B,MATCH(M54,'Campaign Metadata '!A:A,0)) -> 45667 | O54: =INDEX('Campaign Metadata '!C:C,MATCH(M54,'Campaign Metadata '!A:A,0)) -> 45698 | P54: =IF(AND(C54<=O54,C54>=N54),"DURING",IF(C54<O54,"BEFORE", "AFTER")) -> BEFORE
A55: SP054 | B55: Instagram | C55: 45722 | D55: Text | E55: Get Into The Groove With Our New Drop! | F55: 4851 | G55: 460 | H55: 212 | I55: 58075 | J55: 59574 | K55: 239 | L55: #Discoverweekly | M55: Indiewave | N55: =INDEX('Campaign Metadata '!B:B,MATCH(M55,'Campaign Metadata '!A:A,0)) -> 45717 | O55: =INDEX('Campaign Metadata '!C:C,MATCH(M55,'Campaign Metadata '!A:A,0)) -> 45747 | P55: =IF(AND(C55<=O55,C55>=N55),"DURING",IF(C55<O55,"BEFORE", "AFTER")) -> DURING
A56: SP055 | B56: Twitter | C56: 45420 | D56: Text | E56: Explore The Latest Podcasts Now. | F56: 1828 | G56: 450 | H56: 214 | I56: 52115 | J56: 19166 | K56: 190 | L56: #Nowplaying | M56: Chillvibes | N56: =INDEX('Campaign Metadata '!B:B,MATCH(M56,'Campaign Metadata '!A:A,0)) -> 45667 | O56: =INDEX('Campaign Metadata '!C:C,MATCH(M56,'Campaign Metadata '!A:A,0)) -> 45698 | P56: =IF(AND(C56<=O56,C56>=N56),"DURING",IF(C56<O56,"BEFORE", "AFTER")) -> BEFORE
A57: SP056 | B57: Instagram | C57: 45707 | D57: Story | E57: From Pop To Podcasts, Itâ€™S All Here. | F57: 2422 | G57: 455 | H57: 376 | I57: 23428 | J57: 46775 | K57: 259 | L57: #Nowplaying | M57: Wrapped2024 | N57: =INDEX('Campaign Metadata '!B:B,MATCH(M57,'Campaign Metadata '!A:A,0)) -> 45627 | O57: =INDEX('Campaign Metadata '!C:C,MATCH(M57,'Campaign Metadata '!A:A,0)) -> 45657 | P57: =IF(AND(C57<=O57,C57>=N57),"DURING",IF(C57<O57,"BEFORE", "AFTER")) -> AFTER
A58: SP057 | B58: Instagram | C58: 45299 | D58: Text | E58: Top Trending Tracks Updated Daily! | F58: 2683 | G58: 405 | H58: 223 | I58: 31233 | J58: 58106 | K58: 291 | L58: #Discoverweekly | M58: Indiewave | N58: =INDEX('Campaign Metadata '!B:B,MATCH(M58,'Campaign Metadata '!A:A,0)) -> 45717 | O58: =INDEX('Campaign Metadata '!C:C,MATCH(M58,'Campaign Metadata '!A:A,0)) -> 45747 | P58: =IF(AND(C58<=O58,C58>=N58),"DURING",IF(C58<O58,"BEFORE", "AFTER")) -> BEFORE
A59: SP058 | B59: Youtube | C59: 45490 | D59: Text | E59: Top Trending Tracks Updated Daily! | F59: 3135 | G59: 110 | H59: 215 | I59: 39192 | J59: 24744 | K59: 177 | L59: #Discoverweekly,#Spotifywrapped | M59: Indiewave | N59: =INDEX('Campaign Metadata '!B:B,MATCH(M59,'Campaign Metadata '!A:A,0)) -> 45717 | O59: =INDEX('Campaign Metadata '!C:C,MATCH(M59,'Campaign Metadata '!A:A,0)) -> 45747 | P59: =IF(AND(C59<=O59,C59>=N59),"DURING",IF(C59<O59,"BEFORE", "AFTER")) -> BEFORE
... A301: SP300 | B301: Instagram | C301: 45329 | D301: Text | E301: Music That Moves Youâ€”Only On Spotify. | F301: 1883 | G301: 432 | H301: 397 | I301: 28759 | J301: 18691 | K301: 270 | L301: #Soundtrackoflife,#Nowplaying | M301: Chillvibes | N301: =INDEX('Campaign Metadata '!B:B,MATCH(M301,'Campaign Metadata '!A:A,0)) -> 45667 | O301: =INDEX('Campaign Metadata '!C:C,MATCH(M301,'Campaign Metadata '!A:A,0)) -> 45698 | P301: =IF(AND(C301<=O301,C301>=N301),"DURING",IF(C301<O301,"BEFORE", "AFTER")) -> BEFORE

Sheet Campaign Metadata 
A1: Campaign_Name | B1: Start_Date | C1: End_Date | D1: Objective | E1: =PROPER(TRIM(D1)) -> Objective | F1: Total_Budget | G1: Target_Platforms | H1: Primary_Hashtags
A2: Summerbeats | B2: 45458 | C2: 45488 | D2: Brand Awareness | E2: =PROPER(TRIM(D2)) -> Brand Awareness | F2: 175000 | G2: Instagram,YouTube | H2: #SpotifyWrapped,#MusicForEveryone
A3: Wrapped2024 | B3: 45627 | C3: 45657 | D3: Engagement | E3: =PROPER(TRIM(D3)) -> Engagement | F3: 225000 | G3: Twitter,YouTube | H3: #SpotifyWrapped,#NowPlaying
A4: Chillvibes | B4: 45667 | C4: 45698 | D4: Product Launch | E4: =PROPER(TRIM(D4)) -> Product Launch | F4: 200000 | G4: Instagram,Twitter | H4: #ChillVibes,#SoundtrackOfLife
A5: Indiewave | B5: 45717 | C5: 45747 | D5: Traffic | E5: =PROPER(TRIM(D5)) -> Traffic | F5: 160000 | G5: Facebook,Instagram | H5: #DiscoverWeekly,#IndieWave

Sheet Engagement Summary
A1: Week_Start_Date | B1: Platform | C1: New_Followers | D1: Unfollows | E1: Total_Followers | F1: Engagement_Rate | G1: Ad_Spend
A2: 45446 | B2: Instagram | C2: 1402 | D2: 68 | E2: 124562 | F2: 9.92 | G2: 23125
A3: 45446 | B3: Twitter | C3: 995 | D3: 86 | E3: 227958 | F3: 8.05 | G3: 22788
A4: 45446 | B4: Youtube | C4: 1472 | D4: 296 | E4: 370242 | F4: 7.72 | G4: 7810 | I4: =ISNUMBER(A2) -> TRUE
A5: 45453 | B5: Instagram | C5: 1018 | D5: 90 | E5: 92474 | F5: 9.4 | G5: 11966
A6: 45453 | B6: Twitter | C6: 1461 | D6: 64 | E6: 328902 | F6: 9.02 | G6: 26298
A7: 45453 | B7: Youtube | C7: 545 | D7: 93 | E7: 391621 | F7: 9.96 | G7: 22029
A8: 45460 | B8: Instagram | C8: 881 | D8: 291 | E8: 95885 | F8: 5.29 | G8: 12391
A9: 45460 | B9: Twitter | C9: 1414 | D9: 131 | E9: 245947 | F9: 8.3 | G9: 14477
A10: 45460 | B10: Youtube | C10: 1472 | D10: 170 | E10: 250428 | F10: 4.66 | G10: 25040
A11: 45467 | B11: Instagram | C11: 809 | D11: 197 | E11: 87186 | F11: 9.48 | G11: 22619
A12: 45467 | B12: Twitter | C12: 1371 | D12: 250 | E12: 128620 | F12: 7.11 | G12: 12399
A13: 45467 | B13: Youtube | C13: 844 | D13: 144 | E13: 126015 | F13: 9.65 | G13: 22456
A14: 45474 | B14: Instagram | C14: 786 | D14: 72 | E14: 178615 | F14: 5.43 | G14: 19328
A15: 45474 | B15: Twitter | C15: 845 | D15: 250 | E15: 218228 | F15: 4.52 | G15: 21107
A16: 45474 | B16: Youtube | C16: 1218 | D16: 101 | E16: 300397 | F16: 4.33 | G16: 12277
... A201: 45908 | B201: Twitter | C201: 860 | D201: 244 | E201: 348686 | F201: 5.12 | G201: 11418

Sheet hashtag splitting
A1: Post ID | B1: Hashtags Used
A2: SP001 | B2: #soundtrackoflife
A3: SP001 | B3: #nowplaying
A4: SP002 | B4: #discoverweekly
A5: SP003 | B5: #musicforeveryone
A6: SP003 | B6: #nowplaying
A7: SP004 | B7: #soundtrackoflife
A8: SP004 | B8: #nowplaying
A9: SP005 | B9: #discoverweekly
A10: SP005 | B10: #spotifywrapped
A11: SP006 | B11: #discoverweekly
A12: SP006 | B12: #spotifywrapped
... A484: SP300 | B484: #nowplaying
